Cython,NumPy
68588000,197544000
66144800,193731900
66020500,195087400
67573200,196625000
64634900,210972800
64832300,196974100
65783800,192325700
64702600,197098800
64208000,192286900
71519300,194217700
66536200,209694400
65043900,192132900
66890900,197604900
64951500,193329300
64828500,192431000
65432000,194292900
65286900,192309800
71179800,193202600
75038600,194939700
78512800,191964700
66565400,193964300
70210000,192356500
65641000,192565000
64790400,195606100
71339900,191651100
68877800,192496900
71848400,193994400
66346700,193110100
65160400,195697800
64818600,194606100
64720500,194484000
64025000,193600600
66241700,192276600
65159400,194999000
64989000,193584800
64554900,192656300
65156900,193409700
64596600,193843500
64664600,194948500
69473400,193030100
67212600,193243000
64863200,192477300
65589200,193923500
65653100,192921900
64664300,194205800
64892100,193460600
65220100,192485700
64747700,192435000
66871300,193974200
65460100,194195000
65161200,192970200
64767000,192974400
64901200,192264500
64939200,194156900
67450400,194555900
68319800,192293600
66160100,193631500
66048700,192576000
65153600,192355200
64192600,195669200
64307700,192958600
64336100,193135900
64419100,193074600
64303400,192532200
65186200,195778800
65127400,192542600
64311000,192736900
64733200,204365100
64362000,203570100
64452800,220012200
68778900,191979400
64598600,192522700
65263600,193002900
66178800,192836700
64541000,195530600
64849900,193952400
64467200,192463100
64627400,191901400
64973400,193690300
64655800,194637000
64325900,193362900
67477500,192443100
64956200,192351700
64535300,193682400
64419400,193290300
67899900,194249400
65819400,193274300
65604600,192432400
65571300,192143900
66367200,193763800
64439800,194450900
64602800,193815000
64985000,192627600
64749800,191880300
65332800,193661200
65934000,194343500
64967300,192692500
66344400,193834200
64825000,191696400
64648000,193478900
65363800,195482900
68695300,192839700
65449500,193040200
65575000,191923700
64688700,192288900
66031500,196357900
64847500,192240900
64638400,192290200
65114400,193833800
64607000,192560800
65299100,193347600
65030600,193847100
64523300,192868500
66138400,193116100
64574600,193669900
64780700,192462100
68958300,195478300
65232100,192291500
64664500,192478000
65076000,193312800
64834800,192759200
66110400,195367800
64571800,192806900
64100400,192579900
64012100,192959700
64351900,193137200
64673400,194468900
64042600,194168500
64291400,192077100
65036400,192234300
65579600,194039300
66506100,194666100
66460200,192482100
64872000,194146100
64787000,192239500
64553500,194205800
64435100,200841500
64604900,194648500
65257200,194224400
64452200,192476500
64540200,192260700
64425500,193804000
64500000,194307300
64366300,193866500
64731400,192724000
64546400,191907200
65507800,193560400
68599300,195137800
64521000,192049300
65446000,193722000
64808300,191816100
64266700,192776700
64366100,196137700
64251200,192517000
65990400,193690600
64363700,192143100
64053900,193165300
64352700,195543000
64311600,192200800
64540100,192821700
64227100,192819000
64155100,192481400
68087000,194438500
65592100,193271200
64602600,192815300
65416400,193717700
64040600,191918400
64280400,194423700
64316700,194457100
64804400,192616600
65159700,192281100
64628100,194078200
64442100,195639400
64724800,195240900
64583700,193210400
64412700,192482500
64157100,192719600
63968000,192453500
68583200,194949500
65674100,193330600
65229900,192359300
63994000,191553900
64382600,194554400
64337300,195896500
64307800,193209400
64178400,194224200
64252100,193271200
65885100,194157500
65283900,195916800
64589800,192960600
64363800,194162200
64276100,192578200
64305400,191989100
68070100,196467900
65364200,198072300
65425100,194512700
64769000,192529800
64632500,192171000
64251200,194740500
64586400,194410600
64032700,192276000
64547100,193639500
64626900,192108900
65633400,193292300
64419400,196564900
64388800,192739400
64249000,193918600
64179400,192889500
64517500,193222300
68947500,194947800
64796900,192273700
66078300,192760100
64566900,193767000
64259400,192299300
64142100,194447400
64102900,193516800
64448900,193259500
64112700,193368500
64489200,192439500
65180700,194695500
64964800,193798700
64450900,193612000
64199800,193203900
64229200,193857000
68404200,192504300
64570300,195299600
65281100,192782600
64946100,192640900
65044400,193071400
64451300,192450200
64215600,195126900
64674700,194398300
64701100,192323300
64373700,192715600
64262100,193892300
64703400,194612000
65319900,192527100
64426500,193644400
64199600,192932500
66783700,193493100
66514800,195127100
64502400,192243700
65250100,193759500
64215500,192321900
65761000,192241600
64503800,196104400
64351500,192924000
64207400,193452500
64306400,192823900
64294800,192367200
64436900,193684000
64764900,195232000
65879100,192523400
64384100,193474300
64011700,191961100
68775600,192580000
64520100,195457400
65167900,192210800
64537300,193201700
64260400,193332200
66052300,192071100
64839100,195800400
64519800,191724900
64682700,192161300
64434100,193804700
64871100,192702400
64684900,194464900
64763600,193885500
65156000,192116300
65252300,193859000
68197500,192977900
65540800,194648300
64908600,198564000
65039200,192608800
64710400,193119200
65161000,193484200
65877900,193837900
65025500,193617900
64445900,193273700
65210500,192471600
64971300,192947600
64356700,192312900
65641300,194914400
70294300,194277100
77980200,197374400
80016900,193069200
77836800,193117000
71265400,193970700
64634400,192385400
64646100,193013600
64353200,197997300
64245600,193706300
66633100,195454700
64737300,192711900
65181200,193343800
64131800,192690600
64413700,192595600
64421100,196680300
64582800,192414500
64320500,193227800
69084900,193409600
65565600,193224000
64357900,195078800
65273500,193033200
64348000,192267100
64416500,193577400
64407900,193150300
64438000,193461400
65360500,194635700
64796100,192026500
64220700,192953800
64296900,193073300
64662200,192656400
64432300,195952100
63987400,192364400
64495300,191915000
70332000,194204900
65193200,192231500
65457200,194973300
64891600,194055600
64964400,192297200
64253700,193370800
65359900,193256400
64985500,194839900
65230900,193569900
65771700,192579900
64530300,191938600
64761300,193706600
64462400,194446200
64302700,192217600
64304800,193486500
68293000,192258500
65615400,193957300
66264300,194075000
64304800,193231000
64089600,193704600
64695000,191735600
64699500,193078900
65338500,193463600
64151900,195067400
64460600,192216200
65866200,193489100
64396300,193292000
64256300,193361000
64162900,194792700
64185500,192608100
65033100,193579900
69087100,192898500
64224800,192548200
66234900,195718900
64776800,192627800
64676300,193763800
64952900,193431800
64876700,192988100
65135100,195861500
65414100,193604000
65766900,192288900
66092900,194573400
64709500,192927700
64880200,194361600
64748500,195859400
64591300,192572000
68854700,193901100
65198600,194069800
65119900,192997400
66243500,196784500
64758400,192739600
64534600,192682500
64591700,194385700
64809700,192179200
65003800,194429100
64864500,193814400
64825800,191751700
65527200,193915700
65239500,192972900
64730500,194408300
64579400,195056000
67227500,207778300
66562000,210729200
67341600,194031200
65160400,194982200
65381300,192485900
65666200,194276900
64518900,192285300
64804400,193774200
65029000,194308200
64858600,192267100
64799500,193577000
64381700,192824100
65163200,192670900
65494000,195657200
64604700,192362100
64724100,193876400
70123800,193220000
65379100,192878500
65322900,194122300
64837900,193835500
65501800,192856200
65468500,193531800
64940300,192992100
64694500,192865300
64664900,194926600
65015000,192382700
64899500,193154400
65135500,191880200
65145300,192291500
65652200,195618200
64451600,192601900
69076200,192452600
65323600,194184400
64976100,192958900
64655700,195246300
64596100,193492200
64801100,191992900
66155400,193369700
65004700,193001400
64695100,192822000
64665100,194273100
65099500,192093200
64702000,192111800
64492500,193784500
64380100,194564300
65984100,192900500
68517200,193485000
65271500,192561400
65319300,194332900
64836600,192875800
64561600,194605300
65085200,194530400
65009600,192256600
65969500,192019000
64738000,193778500
64969700,194383200
65115200,192669800
64488800,192982000
64574200,192099400
64746700,193200100
64764300,195900600
66223100,192530400
68928500,193838500
65542400,192812500
65034100,192822400
64784600,195914800
64590500,192694300
64661200,192947800
64513800,193355500
65724400,192110400
65367900,194658400
65035700,194358800
64609300,192058100
64404300,194226700
64778300,192460900
64893000,194778100
64550200,193911200
68805800,193603000
65760200,193406300
65653400,192758200
64522300,192496300
64619600,195753400
64597100,192219900
64703400,192172200
64430000,193579500
65158000,192422500
65609000,194997400
64278400,193559800
64775700,192290100
70868900,194086300
64610700,192339700
64587400,194511900
66543800,193366600
67875600,192059400
66766200,193006000
64630400,193431200
64371600,194291500
64552200,192608400
64648100,193237500
65095500,192522700
64892000,193190900
65179000,194730200
65918400,192286900
66745100,193292800
64635000,194718900
64744200,193443100
65080100,193296100
64510500,195169700
69073300,192069900
65443700,193300900
66208000,193071700
64694100,193290700
64610800,195282100
64874200,192036200
65155400,193839500
65130200,192496300
64490900,192712400
65786700,195019800
67151900,192435200
64395600,192926100
64514200,193985700
64941200,191995800
64488400,195463400
68585200,193037000
65806800,192159400
65420500,194298300
65634500,192356900
65848800,199668700
64683000,194031700
64846300,192725900
64406300,193318800
64811600,192440200
65109800,194416400
64397100,194784200
65507100,192466400
64968900,192831400
64779400,194890800
64473600,192758000
66050000,195733000
67696500,193616300
65339800,192298000
64807400,193769000
66142500,193257800
64560900,194767500
64430300,193510600
64620700,192720600
64623500,192526600
64603500,193705200
65120600,194398700
64671600,192485000
65435100,193140600
65372500,192899500
64740100,193026400
65131900,195718700
68649100,193074400
65298300,193938600
65095300,193116300
64455700,193111800
65238000,195939400
65714200,194245000
64726900,191957900
65374900,193767900
64471500,193193700
64828200,194850800
64685200,194463300
65124300,191879900
64897800,193868300
66156500,192283100
64560200,192557600
67260900,196158800
66256100,192695900
65728700,193239300
64503500,194322300
64746100,192727500
64768300,196010800
66235200,192928100
64754900,192215600
64698000,193963900
64794600,191934600
64899000,194648900
65094400,194153800
64721700,192234500
64414200,192843500
66352900,192947600
64779800,194336900
69012400,194333400
65385500,192009100
64814500,192645700
64656300,193498600
64582800,193683300
64710800,193586200
65841600,193163100
64764500,192874500
64625500,193230300
64996000,192827900
65277500,194852900
64606400,193550400
64734100,192589100
64690300,192367700
66093400,193085200
68518700,194687500
65727000,192488700
64981900,193192400
65020900,193003700
64922800,193263400
64969300,195121800
64954700,192764400
65996400,193729400
65475600,193399600
64831100,192483800
64748900,195790200
65066300,193319100
65463400,191768400
64669700,193687700
64952300,192181600
68231400,193617100
126044400,193968200
93576200,192054200
79417500,194143000
64801800,192774500
64211200,192290400
64318000,196284100
65811100,192618800
64478200,192604100
64444600,193620500
64140700,192557800
64525000,196000100
64486900,192078800
63963400,192225600
64236300,194082000
69916200,191654500
66195700,194707000
64326200,193783000
64241600,192526300
64777100,192576200
64022300,193408700
64741300,193886000
64528700,193792900
65385000,192277300
64486900,192849100
64280500,193577900
64659000,193681200
64604300,193057200
64172800,193203300
64730800,192487100
67979300,192796600
66712400,193277000
65226300,194343700
64331800,193101500
64346300,192565200
64220400,192399100
64595000,193018100
64567700,194667400
64224800,192421900
64523500,193625900
66076500,193049400
65467900,192764800
64247100,195287000
64260200,192430900
64690900,193509200
64521300,192141200
69544600,192165100
65090000,194533600
65341100,192969500
64154800,191416500
64374400,194906100
64256000,192449000
64134300,194179100
64403300,194498100
64655300,192467400
64474300,194077800
65757600,192712200
64438000,192596200
64891500,195532800
64050300,192628100
64403300,192268400
68689400,193433200
65258900,192030800
64231100,195770000
65465100,193054600
64850700,191810900
64705700,193549600
63983000,192251700
64634800,194632200
64370500,193603500
64367700,192455300
64427300,192516200
65347900,193901700
64901600,194366500
64259200,193628800
65033400,192858800
65373900,192493900
68048700,193360000
64832600,194251500
64767200,192813600
65063500,193627900
65184500,192760600
64073900,192574400
64338700,195014200
64438000,193181400
64596800,193019300
64435000,192485500
64394900,192635800
64903300,195569100
65010700,197275000
64510100,192133900
64174000,193446600
68727400,193852500
65223300,192236500
64786500,195781400
64457900,206086600
64901200,213282500
66100100,192343700
64800600,192121100
64651700,195138700
64696600,192394300
64518900,192778200
64587900,194543400
64562000,194100100
65038700,196160100
66123700,193454400
64582300,193579700
66765200,194197800
67847200,192844600
64519200,195563600
64810700,194174100
64721400,192713100
64964800,193606700
66241000,195073900
64553300,194783900
65213800,195304700
64854900,192545300
64839600,192825500
65059600,193943600
65223700,192039800
64725900,194586700
66437100,193552000
65131800,192907200
70702800,192052400
65271800,193147600
64908600,195227200
65120400,193307800
65236300,192814300
64944300,191841900
66518100,193947900
65185300,195014600
64936800,192431100
65115200,194230100
64555000,192495700
64300000,192535000
64436200,196322600
64419700,192203400
65704000,193613000
68958200,192135800
64583800,192020300
64427700,195430600
65596600,193322900
64595300,191722200
64614900,193703700
64484600,192892400
65447000,192893500
65178100,193517600
65427800,192883300
64774400,193781600
64526000,191976800
65166600,192752000
64854100,195393900
64664100,192148600
66073900,192260000
68569600,193508800
65102600,192705300
64729000,195036800
64860500,192537100
64519600,192524400
64588700,193118400
64201400,192361700
65828200,196110000
66344000,193219800
66470200,193571300
64627300,192056500
64789000,193536600
65189600,195638100
64923000,194034200
65050800,192639600
70264900,192397700
65607400,193488600
65021600,192665800
64653900,194311500
64567100,193557000
64593100,192780700
64747800,191813000
64862900,193590700
65033700,195029900
66743900,193491400
64862400,192519100
64681100,192475900
64794900,193432800
64846500,194549700
64928000,192476400
68833500,194169100
64945000,191850500
66052000,192180600
64923300,196136800
64327100,192099500
64644500,193611800
65410600,193064000
65175300,191838000
64481500,195798500
65319600,193062300
66093600,192275000
65019500,194004300
64711900,193061500
64581900,192069700
64383500,196682600
67518300,194157100
68915600,195437900
66519600,192218700
66775300,191817500
64696800,196014900
64757100,191993300
64792700,192539600
64454100,193117900
65034200,192925300
64710400,194953400
65162700,193436300
66143000,192352900
64853500,194134200
64622200,193784800
64798100,200514700
65036200,193345700
69432000,192664500
64956600,192492800
64522600,193548300
66111900,195050800
64782300,193513000
64901300,192851600
64637500,193326700
64648200,194200200
64934400,193833600
64821100,192867900
64466200,194506700
65173700,192825200
65650400,192430600
64722400,193641600
64626800,194867700
68931100,193439100
65592800,193798400
64584200,192188600
64684800,194315700
65380200,195812600
65543800,191820000
64501300,193744200
64623100,192095300
64765000,192375200
65143500,195870000
65025100,192555400
64745800,193931300
64665200,193015900
66227600,192002000
65009400,195075800
65932500,192712000
69195800,192471400
65365900,194419800
65323000,192301800
64943200,194939200
65214800,194074000
66176400,193235500
65072900,193734400
64626900,191859500
64806800,193054900
64887200,195201200
64577000,192088900
64720500,192725900
64699500,193569900
66497100,192466500
64710400,195436700
69748700,193034500
65604700,193276700
64833500,193575400
64400600,193170400
64637200,196822800
65049900,192935300
66382500,192783300
64525300,192450800
64763400,193209100
65091200,194452300
64929400,192969000
64160400,192584000
64731300,192640500
64335100,193289200
65871700,194300600
68635800,192421600
67082000,193494900
64497900,192203300
64015300,192011000
64257400,195657700
64450200,193865400
64412500,193447300
65695600,193431300
64422100,192596600
64414200,193624800
65084500,195227400
64487700,192303400
66826200,194778500
69208200,200875500
66056100,192333400
66958900,195049000
68510200,191827700
64745800,194221800
64510000,193133900
64363300,193937000
64258900,196727200
64524700,192360200
65050500,192290700
65185900,194470800
64976500,202738000
64639700,195520700
64204700,192796600
64502100,193030700
64392600,193816400
64578000,193015200
64392600,194314500
68355700,194003800
66125400,192675500
64370900,192478200
64867800,193359400
64095500,193626200
64285500,194332900
64299200,192872600
66939200,192516900
64670500,193714800
65734100,192400800
64331600,194409000
65156200,199555100
64141900,192000400
65014100,193352600
64245300,193220700
66172600,195204700
68804600,193506500
66555100,192586000
64100700,192594400
64500400,195341900
64104300,196683100
64349300,193001100
64394100,194347300
64550000,192559500
64139500,193166000
65767200,195961300
64362800,192937300
64571900,193416800
64218600,192282500
64403600,192142300
64505000,195273900
67641600,192804900
66372400,192377500
65840000,193297200
64145900,192516300
64103700,203131200
64441000,216272800
64688600,195243600
64276900,194205400
64772300,192446900
64348700,193406500
65335000,197504100
65284800,205480700
64823000,192391800
65254000,197240300
65659800,196047500
66918400,195191700
68842300,193276800
65228500,192007700
66306300,194010200
64643700,192740500
65395900,194643800
64519400,194395100
64713300,193573600
64734700,192183800
64785800,192523800
65660200,194405500
64843500,193744900
65791400,195328200
64837100,194393600
64549000,194234300
65690200,196030700
67022500,192364000
66577500,193878500
64755500,192420400
65026500,193242700
65798800,196534000
64849100,193669200
64725800,195363400
64854200,192332400
65150100,192482100
64366400,195030100
64554000,193037400
65158600,193135900
65740300,193713700
64502500,192617000
65198400,193524800
64628700,194906700
68922700,192479500
64945200,193648700
64783500,192778300
64591700,192794300
66205700,195916400
64737800,192869600
64657500,192801600
64803500,192926000
64811700,192429100
64791100,195456400
64637400,191630800
64858400,192462700
66460200,193565200
64595700,191762400
65110800,195167200
68354000,194008000
65449100,193691700
65130000,193195800
64571800,192559800
64618000,202345800
65795900,233989000
65087700,192897700
64466200,192466400
