C,NumPy
60772500,76587800
57495000,72291600
57915600,70934800
56544000,69731900
58608200,69662500
59556300,70421400
56997800,69721700
59717100,70245400
59614600,70115900
56851600,71412300
56881300,71027600
56859800,74257700
56838800,70419500
57096900,69697100
58308200,71562800
56783600,70618500
57799600,70164100
57098200,70452800
56942700,69438900
56765400,69865000
64358100,69877600
64701600,69664700
66454400,69400100
60319200,69634500
60838100,71071600
61872200,73262200
57086200,69880100
56645400,69886900
57314500,70524500
56772400,71383400
60168500,69645300
57607300,70128400
56835000,70662900
59731900,69602100
56885000,69651100
57114300,70345300
56850200,69635200
56795300,69609500
56695000,69587100
56686500,73705300
56912900,69782600
58235500,69557200
60963400,69379100
56873000,70763000
57062600,69573000
57204700,69145800
56970200,69875500
56663700,70840500
56658900,69866300
61088100,69649900
62896300,70115100
57506900,70283600
56749200,69600100
56935700,71985900
56620700,72740600
56653900,69977000
56537200,69953200
57534300,70517300
56905200,70438400
58520300,70686700
59533300,70426000
57018700,70106900
56966700,71053100
56435800,70095200
56651000,70342300
56675900,70005700
56810200,69866200
56748400,70773800
57117100,73616700
58236700,71092200
56713600,70688200
56752100,70853800
56750200,69980300
56800200,70091100
56799000,70056100
57420300,70104300
56706500,70300100
61258000,70927800
60222600,69673000
56947000,70051800
57372200,69761100
57342300,70230500
57573700,73801600
56908400,70303300
57049100,71161000
58136800,72122500
57476300,70373500
57583500,69610500
57412100,70283800
56593700,69656200
57220600,69835000
57136200,70854300
56786500,70377300
57111500,69490200
59199300,69503600
60861200,69620200
58347700,73050200
57486900,69994600
57078300,70013400
56971100,71004200
56698500,70494700
56735500,69658600
59954100,69323700
57238700,69588000
56784900,69582700
56896400,69493100
58089900,69370800
57782800,71223600
56578000,69622300
57912100,69416300
56791600,72034200
56664100,71083100
61356700,69765700
57053000,69528100
56678200,71210000
58048100,70104200
56682900,69815900
56723900,69648700
56853100,69947900
56564100,69588600
57111000,70799200
57232800,70699400
57378200,70955300
56955000,69670700
57592500,76308400
56761300,75951100
57006300,81026100
56677600,79959000
56689500,78230000
59045100,72843400
58754100,70791000
56882900,70513500
56777600,70425000
57145800,70235200
57247800,69910400
56794700,69667600
56839100,70751400
57359600,70404100
60956200,73149300
61781400,70546600
77841600,70051000
66084900,70732100
72567200,76843600
68491300,76261000
62635000,76205600
63475800,69320100
72125900,69820400
66331500,69538600
66212200,69211800
64194000,69566200
70810300,69404700
61626200,71075500
64598500,73417600
63552900,71134600
63163100,69949500
61048100,69791300
63155100,71573900
61230600,70889300
60081900,69816200
61736900,70509200
61486300,69726500
64095000,69794100
65567900,69459100
58943100,69567900
59070900,69402200
58901600,69578700
60118100,71564800
60463200,72475500
58428900,70212400
63639900,69520400
58552100,70242500
59339200,69709000
62931700,69504700
63794900,70458200
61358000,71779600
63225000,69598200
61976300,69725100
57595400,69644500
61657600,69851200
56913000,69470700
56948800,69657300
56581500,73905100
56781000,70294300
57070800,69765600
57123800,70496500
60845600,69584000
57633700,69698700
56883300,69350500
56896500,70041300
57698500,70891500
56653200,69491000
57016100,69922100
56986100,69206300
57202900,70170500
57431600,69470900
59051600,73005000
58729600,72631600
56876500,70734900
56862100,70326000
56754700,70113400
56714300,72603100
56786900,69708300
56608900,69964200
58185800,69938700
57310800,71362800
56972100,70591800
57063000,70077900
56793100,69717800
56714900,69874000
56735400,73808600
56780000,71364900
56596900,70893300
57316600,70414800
61148300,70617100
57282100,70500000
56858400,70105200
57189900,70444600
56623200,70175800
56770100,69716800
56876900,71334800
57024700,69995200
57991600,69804300
57469800,69699200
56601700,71564600
56959300,72418600
57735700,70108300
56908800,70785100
56966600,71241700
56661200,69561900
56923600,69555100
59551000,69733300
59826200,69529800
56716200,69827500
57028100,69992400
56644400,70904600
56768300,70244200
56747500,69940600
56941900,69630000
57291600,73518400
57184000,70580100
58824000,69808800
57606100,71270500
56798100,70277000
56891600,69872100
57100900,69486500
56783100,70413300
56707700,69893600
56921400,69742200
60968600,69800000
57808600,71366000
57339500,69707500
56834900,70034200
56854500,73424000
56862100,70145400
56946100,69923100
56919300,71193200
57566600,70322100
56934300,70745300
57116200,70053100
57457900,70170000
56500500,69754200
56795800,72387900
56923100,74136000
56711300,70366000
57361300,71101800
58889200,69633700
58806700,74631300
56803300,71129600
58063200,70088500
56706000,69681500
56758700,69406200
56743000,69915100
56394400,71118800
57462200,70015700
56830000,69159600
56828700,69891000
56611600,69805200
56826600,70012100
57761900,69440400
56679500,71060400
56635600,72970200
56667900,70928400
56617500,70057000
60417600,70599400
57094000,69761700
56932600,69619000
57510400,72057500
57101000,70701300
57418200,69823000
56733900,69970900
56840100,69724600
57305400,69389800
56946100,69733200
57336000,69842400
57047700,72805100
57093300,72573800
57499300,70263600
56662700,69617200
56955500,70816900
56732600,69852400
58060700,69615000
59631500,70312500
56964600,70481900
56726800,69723500
56777900,69732800
57721700,69527400
56886900,71146400
56683900,77615900
57372000,77282000
57573200,89722200
57368000,89907200
57083200,80459300
58199300,69558600
56680400,69422200
57737400,69369900
56927000,69506600
56746600,71188300
56539800,69265100
60883600,69684100
57495500,69606700
56876200,69515300
56629300,69689600
56455200,74431000
57504400,70711600
57049400,70693500
56546900,70151700
64931200,69530000
71834000,69337500
72181700,69754700
70318600,69569200
70550500,69575700
70740600,70921100
71551400,69554900
73089800,69498100
79281600,69583200
76785900,69917700
81268300,72947500
80196000,70507600
65519400,70522600
60455700,71086100
62481100,69894600
63158200,69687900
70128300,69950100
61050200,69838300
59395500,69544400
57828500,69968100
58299900,70998200
58808000,69885600
58588500,69819500
66147400,69601400
60261000,70811100
59674900,72443700
62251800,70017400
72327000,70472100
62868200,70293700
61250300,69883600
63891700,69752700
58562300,69537700
58661800,69889600
58873200,69870400
58458300,69514500
61570600,70646300
59520000,69974100
58528600,69409000
59666300,69526300
62786600,73291900
70191100,69859000
60676400,69939600
62103600,70822800
58671100,70429400
56817000,69494600
56792000,69519400
58630000,69779300
64005800,69421800
57001300,69607400
56744600,69611200
56839300,70428800
57612600,69952200
56701100,69572000
56697100,72926700
56766300,70258100
56571100,69993200
60215600,70968000
59895900,69773400
56813900,70334400
56559500,69576900
56789100,69560000
56799900,69772400
56806100,69817100
56764200,69610400
57742600,69409400
57639600,70989500
57167900,69750000
56843300,71658800
56946100,71953000
56919700,69952900
56756800,71596200
56573400,70073900
56778200,69294300
56678900,71107000
60581400,69686300
58234100,69486800
56970400,69742900
56596400,69531800
56835400,69429500
56833000,70230800
56825900,70090600
57579000,70015000
56919800,74686700
56694200,69789900
57927100,69906900
57019600,70008000
56732600,69479600
56862700,69663600
56608900,71318200
56781900,70036000
56651100,69462400
56735100,69507500
60651600,69955800
58070800,69857400
56831900,69160100
56598200,70260700
56641000,73682600
56575700,69788500
56698300,69840500
58278300,70391500
58967000,69294700
60790400,69400400
63990800,69839900
59401800,71078500
56656400,69989200
56624600,69896600
56807500,69443100
60928500,70310700
57785300,69223000
61599500,69374300
57165500,72978600
57323300,71075800
57116000,69952300
57152500,70338300
56674800,69900100
56460100,69569900
57297500,69647800
56992500,69531500
56605300,70058900
56870000,70413300
57258400,69653300
57500200,69407400
57324700,69838600
56597900,69666000
56743200,69471300
56835400,73315300
59010800,71280300
62862200,70217100
56782900,69991300
57363000,69773100
57241900,69522600
56853600,70582500
56606700,73491000
56938900,70808200
57230500,69508400
57013200,69692200
56644000,69579800
56971500,69586700
56887100,69511000
57596500,73397100
56789200,70219700
56655100,70336200
56694000,70657500
56987300,69535700
61173100,69551200
57457500,69568100
57408100,71505600
56665400,69589100
57490200,70772000
57208000,69873400
56740500,69747000
57635700,69649400
56669000,69730300
56494000,73232900
56802400,70028200
56811900,69520100
56849600,71809500
57145100,69640100
57379200,69239500
56673100,70011700
56576600,69873200
57983400,69436100
59450100,69953300
57101300,70106000
56470300,71808900
56517900,69795000
56910900,69607300
57572100,70930000
58046600,72220700
57016300,70885800
57241400,70411500
56632500,70803200
56476600,69771900
56691600,69938800
56820600,69283400
56595200,69528300
57548400,69417600
56830000,70050700
57175500,70929500
61016500,70557200
57724300,69611400
57217900,69477000
57215000,73865800
57042600,69678400
57285800,70520800
58599100,70092800
57799400,70667200
57056500,69534600
57093200,69546300
57014200,69576800
57124500,69781400
56987500,69695200
57086400,69667900
57684200,69882400
57173700,70386300
57823400,69623900
59239600,73729600
60596000,70047400
57123000,70454200
57141900,69990100
57013900,69464500
56703400,70719900
56873600,69435500
57352800,69899500
58651800,69818300
56777700,69547300
56842500,69504400
57123600,70578100
57095900,70201600
56658600,70733400
56616500,72590000
57383800,70147300
56852600,69487400
57944100,70932700
60772700,69150600
57805400,69586700
56823300,70821800
57658700,70108400
56903300,69515000
57107600,69636100
57751100,69487800
56771000,69482300
58357000,69878200
57056600,69591500
56726300,71938900
56943700,72725400
56978600,70346400
57059200,70314400
57111900,69574300
56623500,69688300
57156900,69582100
61708600,71242900
58834300,69896200
56732500,69359900
56815300,69757000
56770900,69603700
56696100,69937900
56829200,69565000
59813300,69363500
57246800,74963500
57053300,70073600
57824700,70110400
56826000,69692600
57081600,69554100
56718600,69754400
56597500,69899500
56853400,71209600
57117100,69938300
57272400,69501800
60702300,70249300
57648200,70639100
56959300,69580300
56580600,69723500
56770900,73312100
56429600,71414400
57475900,70676200
56751400,70451700
56682400,69567200
56681600,69652300
57170800,69969000
57164300,69801900
56520500,70453400
56496500,70451900
56636800,69714700
56671100,69552200
57131900,70076800
56586300,69746800
60600800,71998600
57508000,92747500
57123700,121496100
56458900,98370600
56843600,72318900
56819400,69846000
57278100,69963600
56767600,69944400
56684300,71259800
56640700,70182600
56851400,70022700
57223400,70021400
56778500,70106500
56776600,73372900
56480700,70700300
56520400,71211100
56600100,70733500
59799100,69806800
57622500,69628200
56707500,70140900
57571000,69980400
56925800,69850700
56797600,69793600
57460700,71120800
56966600,69858000
56710600,70362000
56702800,69684200
56814900,71710800
56578300,72284700
57241600,70285600
57112100,71429200
56742900,70791400
56641200,69335600
56513800,69981600
56755000,70127200
60351400,69153800
56763000,69723800
57003500,70197000
57229900,71544500
57361800,70529500
56636100,70233400
57348800,69711800
56614600,74114400
56968900,70023600
56441300,71264900
56930700,69754600
56935400,70714800
56642800,69708700
57780900,69891600
56709700,70051500
56729200,69763900
56918200,69252500
58713800,69426700
58611600,70748100
56931100,69184900
56715100,69069400
56650400,73617700
57598100,69552500
57457400,70447800
57088000,69432600
56708000,69941400
56785000,70633700
56596300,69324400
56839400,69485200
56872700,69365700
56725400,69865000
57348000,69231900
57314000,69510900
56687800,70192800
57201000,69901000
60531000,72851000
57181500,70447100
56816600,70080400
56828400,69838800
56797000,69706800
57369300,69472800
58850900,70561100
56859400,69330300
56953000,69336800
56814300,69056600
56841500,69529500
56715400,69328900
56831900,69068100
56611000,70456400
56691300,70119000
57788900,73790400
56820500,71138500
58327700,69998600
59634400,69250800
56952200,69083600
56617300,69415200
63396700,70852600
60181900,69460500
61596400,69731800
57890700,69720900
56735800,69528500
56678900,69598200
56899800,69846700
56508100,69866100
56828400,74117400
56556700,70120900
56672700,70619800
56624000,69381600
57610000,69965600
56847800,69450200
61751000,70009700
56910300,71296400
56689600,69490100
56880300,69852600
56990500,69641000
56974300,70047200
56850200,69554700
59291000,69375500
60969500,70287500
58776700,74321800
56764700,71452100
57272200,69721300
57512300,70026500
57087300,69853200
56941000,69990500
56675700,70211100
56783500,70678900
61259800,70139900
57419700,69685000
57106500,70276000
56907000,69800000
56816500,69374500
56716500,71702000
57961500,73400100
56704400,72221800
57192100,70615600
57631800,69538100
56926300,69577100
57129200,69858200
57059000,69977700
56831300,69531300
56747300,71094300
56822300,69704400
56879400,69423800
57687800,69300000
61419000,69912600
57211700,69651900
56688000,74810900
56689000,69925100
56551800,72345600
57440000,69400800
57019700,69899400
56698300,69815900
57022600,69504200
57272200,69572700
57223600,70283500
56949300,70442000
56820400,71315300
56406200,69804000
56751400,69535700
56744100,69925000
56675700,74246400
57950800,70064200
59643300,70949800
57474800,71187000
56415500,69642300
56543100,69810400
56607300,69816700
57776700,70011900
57101700,69953000
56329100,69774600
56723900,70636600
56676300,70427100
57584200,69914500
56873300,69396500
56749500,73882400
56566100,70471200
56730300,71275900
56518300,70049400
56868000,71099100
59966800,69670800
57299500,69772700
57562600,69741300
57241800,69452000
56520200,70388600
57404400,70603100
56838500,70571400
56606400,70140900
56808500,69959600
56574800,73410800
56702500,71236800
57314200,71711800
57153400,70022700
56610300,69657500
56906400,72530000
56637000,70360300
56843800,69885600
57147200,69934200
60555200,69902900
56699600,69487500
57165200,69891200
57736800,70243700
56732000,70459200
57478700,71143000
56720700,73314800
56704600,70995800
57636900,70436900
59966000,69719100
59792500,69817400
58999600,71197200
57667500,69914400
56613400,69775200
57048100,69843200
57044100,69616600
56461300,69413400
60624600,69513100
57107200,70592500
56993400,70587600
56577600,74117400
57605500,70756500
57473200,70170400
56883900,69343600
56642200,69808400
56784300,69495300
57095200,71430700
56753100,70135300
56684400,69691500
56605000,69328100
56953700,69820500
57373000,69762200
56563800,69799800
56662800,69965300
57403100,74844400
60045400,70174500
56826200,71332100
56722400,69843800
56646200,70163900
57696600,70314500
57601800,70503200
56883700,73319400
56820700,70026600
56535800,69898600
56586400,69853500
57018700,69733800
56804500,69834400
56643100,70178600
56748200,71932700
57481900,72910500
56821000,70816000
56688200,69722100
60186400,69742500
57120500,69415700
56830100,70008300
56685400,69406800
56608500,70898300
57926100,69815800
57467600,70120900
57029800,69607400
56845100,69789200
56664600,69605200
56693000,69309400
56884600,74066100
56698700,71819600
56569800,69707300
56533500,69615800
57055700,69916300
57399700,69697400
56520200,70958200
60320500,69743900
57271800,70876100
56544600,69626800
56628900,70359300
57081700,69908200
57132400,69689100
56671700,69682300
57404000,74087500
56726200,70226200
56855400,72806100
56657900,71305100
56580100,69836400
56597200,69946100
56790700,73360200
56673300,73242800
56642900,69854900
57521300,71432900
58935100,69723900
58510700,69935400
56705000,69514800
56792400,70293300
56642200,74549300
57394900,70107100
56679900,70678600
56624800,71375100
57832900,69636600
57054700,69750800
56561400,69732100
56491700,70344000
56731700,70328300
56622200,70045100
56819500,71015400
56544400,69948200
56668900,69807900
57104100,69890200
60460100,74202500
57101900,70752700
56738300,70075400
56779800,70456100
56775300,70646700
57576200,69833100
56797400,69741400
56986300,69625200
56740700,69844000
57482400,70032200
56921700,69599100
56736400,70883200
57074300,70410500
56967900,69577900
56377300,72631300
56840600,71035800
56649800,70671400
57417900,70045500
60185100,70313500
57343500,70821800
56548600,69830700
56637000,69689500
57335300,70080500
56797000,69664700
56988200,70258700
56660700,69880300
56329500,71399100
56962800,69707500
56711100,73518500
57668800,75016000
56503700,70591300
56532500,69672800
56642700,69959400
56765400,70314300
56624500,70672200
60252900,70426200
57021600,69847800
57696600,70921200
56711800,69577600
56664900,70021500
57750500,69656000
56758100,70704800
56555700,71078200
56495700,73303100
56772100,71343100
56532300,70124600
57896600,69603400
56632200,69732300
56832700,69818900
56755100,71324200
56827800,70534400
56805100,69838900
58786400,69917800
58658800,69671500
56855500,69881100
57142100,69580600
57102700,71321300
57615300,73793100
56850000,70560200
56716500,70074700
57066300,70072400
56854900,69983000
57068000,70108100
56799200,70145700
56756000,70783200
57607900,70045500
56882600,69665100
56694400,69742800
56681600,69871700
56629800,70031000
58158900,69984700
60514700,73676600
56729500,71041300
56904400,70622100
57700900,69656100
57608800,69888200
56396200,70075600
56983800,69384000
56874400,70056900
56893000,71064300
56621400,69850400
56689300,69830400
56751500,69779000
57827000,69762300
56763200,69891400
56843400,72830600
56705900,71568100
58086700,70567400
59229100,70080300
56921800,69832100
57214900,69758300
56537800,69590600
57820000,70159400
57363200,69789200
57086900,71013600
56617500,70501200
56591600,69539800
57048800,69980800
56893300,69857600
56693900,71329800
56580200,73067700
56707300,71604200
58051800,70158300
56679800,69585400
56660200,70174600
60726300,69923500
57351700,70367300
56579900,69880500
56856000,69811600
